ACCIDENT_DATE,ACCIDENT_TIME,ALCOHOLTIME,ACCIDENT_TYPE,DCA_CODE,HIT_RUN_FLAG,LIGHT_CONDITION,POLICE_ATTEND,ROAD_GEOMETRY,SEVERITY,SPEED_ZONE,LONGITUDE,LATITUDE,LGA_NAME,REGION_NAME,TOTAL_PERSONS,INJ_OR_FATAL,FATALITY,SERIOUSINJURY,OTHERINJURY,NONINJURED,MALES,FEMALES,BICYCLIST,PASSENGER,DRIVER,PEDESTRIAN,PILLION,MOTORIST,UNKNOWN,PED_CYCLIST_5_12,PED_CYCLIST_13_18,OLD_PEDESTRIAN,OLD_DRIVER,YOUNG_DRIVER,ALCOHOL_RELATED,UNLICENCSED,NO_OF_VEHICLES,HEAVYVEHICLE,PASSENGERVEHICLE,MOTORCYCLE,PUBLICVEHICLE,DEG_URBAN_NAME
27/07/2015,17.00.00,No,Vehicle overturned (no collision),OUT OF CONTROL ON CARRIAGEWAY (ON BEND),No,Dusk/Dawn,No,Not at intersection,Other injury accident,80 km/hr,145.50528,-38.03994,CARDINIA,METROPOLITAN SOUTH EAST REGION,1,1,0,0,1,0,1,0,0,0,0,0,0,1,0,0,0,0,0,0,No,0,1,0,0,1,0,Country
27/07/2015,07.50.00,No,Collision with vehicle,REAR END(VEHICLES IN SAME LANE),No,Dusk/Dawn,No,T intersection,Other injury accident,60 km/hr,144.92122,-37.72131,MORELAND,METROPOLITAN NORTH WEST REGION,2,1,0,0,1,1,0,2,0,0,2,0,0,0,0,0,0,0,0,1,No,0,2,0,2,0,0,Metropolitan Excluding CBD
27/07/2015,17.15.00,No,Struck Pedestrian,PED NEAR SIDE. PED HIT BY VEHICLE FROM THE RIGHT.,Yes,Dusk/Dawn,No,T intersection,Other injury accident,60 km/hr,145.14701,-37.8795,MONASH,METROPOLITAN SOUTH EAST REGION,2,1,0,0,1,1,2,0,0,0,1,1,0,0,0,0,1,0,0,0,No,0,1,0,1,0,0,Metropolitan Excluding CBD
27/07/2015,15.00.00,No,Collision with vehicle,REAR END(VEHICLES IN SAME LANE),No,Day,Yes,Not at intersection,Other injury accident,70 km/hr,147.61823,-37.80702,EAST GIPPSLAND,EASTERN REGION,2,1,0,0,1,1,1,1,0,0,2,0,0,0,0,0,0,0,0,1,No,0,2,0,2,0,0,Small Provincial Cities
28/07/2015,03.00.00,Yes,Collision with a fixed object,RIGHT OFF CARRIAGEWAY INTO OBJECT/PARKED VEHICLE,No,Dark Street lights on,Yes,T intersection,Serious injury accident,60 km/hr,144.9451,-37.81227,MELBOURNE,METROPOLITAN NORTH WEST REGION,1,1,0,1,0,0,0,1,0,0,1,0,0,0,0,0,0,0,0,0,No,0,1,0,1,0,0,Metropolitan Excluding CBD
28/07/2015,06.30.00,No,Collision with vehicle,RIGHT THROUGH,No,Dark Street lights on,Yes,Cross intersection,Other injury accident,60 km/hr,145.11854,-37.75782,MANNINGHAM,METROPOLITAN SOUTH EAST REGION,2,1,0,0,1,1,1,1,0,0,2,0,0,0,0,0,0,0,0,0,No,0,2,0,2,0,0,Metropolitan Excluding CBD
28/07/2015,09.15.00,No,Collision with vehicle,CROSS TRAFFIC(INTERSECTIONS ONLY),No,Day,Yes,Cross intersection,Other injury accident,60 km/hr,144.99318,-37.76068,DAREBIN,METROPOLITAN NORTH WEST REGION,2,1,0,0,1,1,1,1,0,0,2,0,0,0,0,0,0,0,1,0,No,0,3,0,3,0,0,Metropolitan Excluding CBD
28/07/2015,08.50.00,No,Collision with vehicle,REAR END(VEHICLES IN SAME LANE),No,Dusk/Dawn,Yes,T intersection,Other injury accident,60 km/hr,144.70492,-37.85829,WYNDHAM,METROPOLITAN NORTH WEST REGION,5,1,0,0,1,4,1,4,0,1,4,0,0,0,0,0,0,0,0,1,No,0,4,0,4,0,0,Metropolitan Excluding CBD
28/07/2015,09.20.00,No,Collision with vehicle,RIGHT THROUGH,No,Day,Yes,Cross intersection,Other injury accident,60 km/hr,145.12477,-37.81368,WHITEHORSE,METROPOLITAN SOUTH EAST REGION,2,1,0,0,1,1,1,1,0,0,2,0,0,0,0,0,0,0,0,0,No,0,2,0,2,0,0,Metropolitan Excluding CBD
28/07/2015,11.24.00,No,Collision with a fixed object,OFF END OF ROAD/T-INTERSECTION.,No,Day,Yes,T intersection,Other injury accident,100 km/hr,144.61328,-37.74619,MELTON,METROPOLITAN NORTH WEST REGION,1,1,0,0,1,0,0,1,0,0,1,0,0,0,0,0,0,0,0,0,No,0,1,0,1,0,0,Country
28/07/2015,13.10.00,No,Collision with vehicle,REAR END(VEHICLES IN SAME LANE),No,Day,Yes,Not at intersection,Other injury accident,60 km/hr,145.20968,-37.93905,DANDENONG,METROPOLITAN SOUTH EAST REGION,2,1,0,0,1,1,0,2,0,0,2,0,0,0,0,0,0,0,0,0,No,0,2,0,2,0,0,Metropolitan Excluding CBD
28/07/2015,12.30.00,No,Collision with vehicle,RIGHT THROUGH,No,Day,Yes,Cross intersection,Serious injury accident,50 km/hr,144.95756,-37.79972,MELBOURNE,METROPOLITAN NORTH WEST REGION,2,1,0,1,0,1,1,1,1,0,1,0,0,0,0,0,0,0,0,0,No,0,2,0,1,0,0,Metropolitan Excluding CBD
28/07/2015,13.30.00,No,Collision with vehicle,REAR END(VEHICLES IN SAME LANE),No,Day,Yes,Not at intersection,Other injury accident,70 km/hr,145.16151,-37.90305,MONASH,METROPOLITAN SOUTH EAST REGION,3,1,0,0,1,2,3,0,0,0,3,0,0,0,0,0,0,0,0,0,No,0,3,0,3,0,0,Metropolitan Excluding CBD
28/07/2015,09.00.00,No,No collision and no object struck,OFF CARRIAGEWAY ON RIGHT BEND,No,Day,No,Not at intersection,Other injury accident,100 km/hr,148.47935,-37.74097,EAST GIPPSLAND,EASTERN REGION,1,1,0,0,1,0,1,0,0,0,1,0,0,0,0,0,0,0,0,0,No,0,1,0,1,0,0,Country
28/07/2015,08.45.00,No,Collision with vehicle,LEFT NEAR (INTERSECTIONS ONLY),No,Dusk/Dawn,Yes,T intersection,Other injury accident,70 km/hr,145.28509,-38.03451,CASEY,METROPOLITAN SOUTH EAST REGION,4,1,0,0,1,3,1,3,0,2,2,0,0,0,0,0,0,0,0,0,No,0,2,0,2,0,0,Metropolitan Excluding CBD
28/07/2015,14.30.00,No,Collision with vehicle,RIGHT NEAR (INTERSECTIONS ONLY),No,Day,Yes,T intersection,Other injury accident,80 km/hr,145.16939,-37.99374,DANDENONG,METROPOLITAN SOUTH EAST REGION,2,2,0,0,2,0,2,0,0,0,2,0,0,0,0,0,0,0,1,0,No,0,2,0,2,0,0,Metropolitan Excluding CBD
28/07/2015,15.55.00,No,Collision with vehicle,REAR END(VEHICLES IN SAME LANE),No,Day,Yes,Not at intersection,Other injury accident,60 km/hr,144.9298,-37.6003,HUME,METROPOLITAN NORTH WEST REGION,2,1,0,0,1,1,1,1,0,0,2,0,0,0,0,0,0,0,0,0,No,0,2,0,2,0,0,Metropolitan Excluding CBD
28/07/2015,15.00.00,No,Collision with vehicle,U TURN,No,Day,Yes,Not at intersection,Other injury accident,60 km/hr,145.22467,-37.99647,DANDENONG,METROPOLITAN SOUTH EAST REGION,2,2,0,0,2,0,2,0,0,0,2,0,0,0,0,0,0,0,0,1,No,0,2,0,2,0,0,Metropolitan Excluding CBD
28/07/2015,07.10.00,No,Collision with vehicle,CROSS TRAFFIC(INTERSECTIONS ONLY),No,Dusk/Dawn,No,Cross intersection,Other injury accident,60 km/hr,144.31859,-38.17252,GEELONG,SOUTH WESTERN REGION,2,1,0,0,1,1,2,0,1,0,1,0,0,0,0,0,0,0,0,1,No,0,2,0,1,0,0,Large Provincial Cities
28/07/2015,15.30.00,No,Collision with vehicle,REAR END(VEHICLES IN SAME LANE),No,Day,Yes,Not at intersection,Other injury accident,70 km/hr,145.01774,-37.65135,WHITTLESEA,METROPOLITAN NORTH WEST REGION,5,1,0,0,1,4,4,1,0,2,3,0,0,0,0,0,0,0,0,1,No,0,3,0,3,0,0,Metropolitan Excluding CBD
28/07/2015,18.05.00,Yes,Struck Pedestrian,PED NEAR SIDE. PED HIT BY VEHICLE FROM THE RIGHT.,No,Dark No street lights,No,Cross intersection,Other injury accident,50 km/hr,143.86341,-37.56489,BALLARAT,WESTERN REGION,2,1,0,0,1,1,0,2,0,0,1,1,0,0,0,0,0,0,0,1,No,0,1,0,1,0,0,Large Provincial Cities
28/07/2015,17.30.00,No,Collision with vehicle,REAR END(VEHICLES IN SAME LANE),No,Dusk/Dawn,Yes,Cross intersection,Other injury accident,60 km/hr,144.95462,-37.83227,PORT PHILLIP,METROPOLITAN NORTH WEST REGION,2,1,0,0,1,1,2,0,0,0,1,0,0,1,0,0,0,0,0,0,No,0,2,0,1,1,0,Metropolitan Excluding CBD
28/07/2015,15.27.00,No,Collision with vehicle,LEFT FAR (INTERSECTIONS ONLY),No,Day,Yes,Cross intersection,Serious injury accident,50 km/hr,145.26579,-38.00321,CASEY,METROPOLITAN SOUTH EAST REGION,2,1,0,1,0,1,1,1,0,0,2,0,0,0,0,0,0,0,0,1,No,0,2,0,2,0,0,Metropolitan Excluding CBD
28/07/2015,18.00.00,Yes,Collision with a fixed object,RIGHT OFF CARRIAGEWAY INTO OBJECT/PARKED VEHICLE,No,Dark No street lights,Yes,Not at intersection,Other injury accident,100 km/hr,144.89922,-37.18931,MITCHELL,NORTHERN REGION,1,1,0,0,1,0,0,1,0,0,1,0,0,0,0,0,0,0,0,0,No,0,1,0,1,0,0,Country
28/07/2015,18.30.00,Yes,Vehicle overturned (no collision),OUT OF CONTROL ON CARRIAGEWAY (ON STRAIGHT),No,Dark Street lights on,Yes,Not at intersection,Other injury accident,70 km/hr,145.19345,-37.83647,WHITEHORSE,METROPOLITAN SOUTH EAST REGION,2,1,0,0,1,1,1,0,0,0,0,0,0,0,2,0,0,0,0,0,No,0,2,0,0,1,0,Metropolitan Excluding CBD
28/07/2015,20.20.00,Yes,Collision with vehicle,RIGHT THROUGH,No,Dark Street lights on,Yes,Cross intersection,Other injury accident,80 km/hr,145.30673,-38.02623,CASEY,METROPOLITAN SOUTH EAST REGION,7,2,0,0,2,5,2,1,0,4,3,0,0,0,0,0,0,0,0,0,No,0,3,0,3,0,0,Metropolitan Excluding CBD
28/07/2015,18.10.00,Yes,Struck Pedestrian,PED NEAR SIDE. PED HIT BY VEHICLE FROM THE RIGHT.,No,Dark Street lights on,Yes,Not at intersection,Serious injury accident,50 km/hr,144.81702,-37.79037,BRIMBANK,METROPOLITAN NORTH WEST REGION,2,1,0,1,0,1,2,0,0,0,1,1,0,0,0,0,0,1,1,0,No,0,1,0,1,0,0,Metropolitan Excluding CBD
28/07/2015,17.35.00,No,Collision with vehicle,CROSS TRAFFIC(INTERSECTIONS ONLY),No,Dark No street lights,Yes,Cross intersection,Other injury accident,50 km/hr,145.02394,-37.71854,DAREBIN,METROPOLITAN NORTH WEST REGION,3,1,0,0,1,2,0,3,0,1,2,0,0,0,0,0,0,0,0,0,No,0,2,0,2,0,0,Metropolitan Excluding CBD
28/07/2015,13.15.00,No,Collision with a fixed object,RIGHT OFF CARRIAGEWAY INTO OBJECT/PARKED VEHICLE,No,Day,Yes,Not at intersection,Other injury accident,100 km/hr,143.80562,-37.59557,BALLARAT,WESTERN REGION,3,1,0,0,1,2,2,1,0,1,2,0,0,0,0,0,0,0,0,0,No,0,2,0,1,0,0,Country
28/07/2015,17.30.00,No,Collision with vehicle,U TURN,No,Dark Street lights on,Yes,Not at intersection,Serious injury accident,80 km/hr,146.66685,-38.61451,WELLINGTON,EASTERN REGION,6,2,0,2,0,4,5,1,0,4,2,0,0,0,0,0,0,0,0,2,No,0,2,0,2,0,0,Country
28/07/2015,11.00.00,No,Collision with vehicle,HEAD ON (NOT OVERTAKING),Yes,Day,Yes,Not at intersection,Other injury accident,60 km/hr,144.6924,-37.97417,WYNDHAM,METROPOLITAN NORTH WEST REGION,2,1,0,0,1,1,1,0,0,0,2,0,0,0,0,0,0,0,0,0,No,0,2,0,2,0,0,Small Towns
28/07/2015,15.40.00,No,Collision with vehicle,CROSS TRAFFIC(INTERSECTIONS ONLY),No,Day,Yes,Cross intersection,Other injury accident,50 km/hr,144.90981,-37.75379,MOONEE VALLEY,METROPOLITAN NORTH WEST REGION,2,1,0,0,1,1,0,2,0,0,2,0,0,0,0,0,0,0,0,0,No,0,2,0,2,0,0,Metropolitan Excluding CBD
28/07/2015,14.20.00,No,Collision with vehicle,REAR END(VEHICLES IN SAME LANE),No,Day,Yes,Not at intersection,Other injury accident,50 km/hr,146.40331,-38.23899,LATROBE,EASTERN REGION,3,1,0,0,1,2,1,2,0,1,2,0,0,0,0,0,0,0,0,0,No,0,2,0,2,0,0,Small Provincial Cities
28/07/2015,18.10.00,Yes,Collision with vehicle,VEHICLE STRIKES ANOTHER VEH WHILE EMERGING FROM DRIVEWAY,No,Dark Street lights on,Yes,Not at intersection,Serious injury accident,Not known,145.2636,-38.08065,CASEY,METROPOLITAN SOUTH EAST REGION,4,2,0,1,1,2,1,3,0,2,2,0,0,0,0,0,0,0,0,1,No,0,2,0,2,0,0,Metropolitan Excluding CBD
28/07/2015,18.10.00,Yes,Vehicle overturned (no collision),OFF CARRIAGEWAY TO LEFT,No,Dark Street lights on,Yes,Not at intersection,Other injury accident,50 km/hr,144.88389,-38.37179,MORNINGTON PENINSULA,METROPOLITAN SOUTH EAST REGION,1,1,0,0,1,0,0,1,0,0,1,0,0,0,0,0,0,0,0,1,No,0,1,0,1,0,0,Metropolitan Excluding CBD
28/07/2015,18.30.00,Yes,Struck Pedestrian,FAR SIDE. PED HIT BY VEHICLE FROM THE LEFT,No,Dark Street lights on,No,T intersection,Other injury accident,50 km/hr,145.04102,-37.85917,STONNINGTON,METROPOLITAN SOUTH EAST REGION,2,1,0,0,1,1,2,0,0,0,1,1,0,0,0,0,0,0,0,0,No,0,1,0,1,0,0,Metropolitan Excluding CBD
28/07/2015,16.30.00,No,Collision with vehicle,REAR END(VEHICLES IN SAME LANE),No,Dusk/Dawn,No,T intersection,Other injury accident,60 km/hr,145.12899,-37.8761,MONASH,METROPOLITAN SOUTH EAST REGION,3,1,0,0,1,2,0,3,0,0,3,0,0,0,0,0,0,0,0,1,No,0,3,0,3,0,0,Metropolitan Excluding CBD
28/07/2015,15.15.00,No,Collision with vehicle,VEHICLE STRIKES DOOR OF PARKED/STATIONARY VEHICLE,Not known,Day,No,Not at intersection,Other injury accident,40 km/hr,144.97291,-37.81362,MELBOURNE,METROPOLITAN NORTH WEST REGION,2,1,0,0,1,1,1,1,1,0,1,0,0,0,0,0,0,0,0,0,No,0,2,0,1,0,0,Metropolitan CBD Only
28/07/2015,19.35.00,Yes,Collision with vehicle,ENTERING PARKING,No,Dark Street lights unknown,No,Not at intersection,Other injury accident,60 km/hr,144.95909,-37.80493,MELBOURNE,METROPOLITAN NORTH WEST REGION,2,1,0,0,1,1,0,2,1,0,1,0,0,0,0,0,0,0,0,0,No,0,2,0,1,0,0,Metropolitan Excluding CBD
28/07/2015,19.00.00,Yes,Struck Pedestrian,FAR SIDE. PED HIT BY VEHICLE FROM THE LEFT,Yes,Unk.,No,Cross intersection,Other injury accident,80 km/hr,145.05807,-37.88389,STONNINGTON,METROPOLITAN SOUTH EAST REGION,2,1,0,0,1,1,0,1,0,0,1,1,0,0,0,0,0,0,0,0,No,0,1,0,0,0,1,Metropolitan Excluding CBD
28/07/2015,18.20.00,Yes,Collision with vehicle,REAR END(VEHICLES IN SAME LANE),No,Dark No street lights,Yes,Not at intersection,Other injury accident,90 km/hr,145.3355,-37.95023,YARRA RANGES,METROPOLITAN SOUTH EAST REGION,3,1,0,0,1,2,3,0,0,0,3,0,0,0,0,0,0,0,0,2,No,0,3,0,3,0,0,Country
28/07/2015,14.30.00,No,Collision with vehicle,RIGHT TURN SIDESWIPE,Yes,Day,No,Cross intersection,Other injury accident,60 km/hr,145.43721,-38.06262,CARDINIA,METROPOLITAN SOUTH EAST REGION,3,2,0,0,2,1,0,2,0,1,1,0,0,0,1,0,0,0,0,0,No,0,2,0,1,0,0,Small Provincial Cities
28/07/2015,09.30.00,No,Collision with vehicle,REAR END(VEHICLES IN SAME LANE),No,Day,No,Not at intersection,Other injury accident,Not known,144.94521,-37.66629,HUME,METROPOLITAN NORTH WEST REGION,3,1,0,0,1,2,2,1,0,1,2,0,0,0,0,0,0,0,0,0,No,0,2,0,2,0,0,Metropolitan Excluding CBD
28/07/2015,10.30.00,No,Collision with vehicle,LANE CHANGE RIGHT (NOT OVERTAKING),No,Day,No,Not at intersection,Other injury accident,70 km/hr,145.0401,-37.71899,DAREBIN,METROPOLITAN NORTH WEST REGION,2,1,0,0,1,1,1,1,0,0,2,0,0,0,0,0,0,0,0,0,No,0,2,1,1,0,0,Metropolitan Excluding CBD
28/07/2015,20.30.00,Yes,Collision with vehicle,REAR END(VEHICLES IN SAME LANE),No,Dark Street lights on,Yes,Not at intersection,Other injury accident,60 km/hr,144.96546,-37.83128,PORT PHILLIP,METROPOLITAN NORTH WEST REGION,4,1,0,0,1,3,3,1,0,1,3,0,0,0,0,0,0,0,0,0,No,1,3,0,3,0,0,Metropolitan Excluding CBD
29/07/2015,00.55.00,Yes,Collision with a fixed object,LEFT OFF CARRIAGEWAY INTO OBJECT/PARKED VEHICLE,No,Dark Street lights on,Yes,Not at intersection,Serious injury accident,60 km/hr,145.02006,-37.95679,BAYSIDE,METROPOLITAN SOUTH EAST REGION,2,2,0,2,0,0,2,0,0,1,1,0,0,0,0,0,0,0,0,0,No,1,1,0,1,0,0,Metropolitan Excluding CBD
29/07/2015,06.50.00,No,Collision with vehicle,U TURN,No,Dusk/Dawn,Yes,Not at intersection,Serious injury accident,60 km/hr,144.34102,-38.12306,GEELONG,SOUTH WESTERN REGION,2,1,0,1,0,1,2,0,0,0,2,0,0,0,0,0,0,0,0,0,No,0,2,0,2,0,0,Large Provincial Cities
29/07/2015,06.30.00,No,Collision with vehicle,ACCIDENT OR BROKEN DOWN,No,Dark Street lights on,Yes,Not at intersection,Other injury accident,100 km/hr,144.85454,-37.73216,BRIMBANK,METROPOLITAN NORTH WEST REGION,2,1,0,0,1,1,1,1,0,0,2,0,0,0,0,0,0,0,0,1,No,0,2,0,2,0,0,Metropolitan Excluding CBD
29/07/2015,07.30.00,No,Collision with vehicle,RIGHT THROUGH,No,Dusk/Dawn,Yes,Cross intersection,Other injury accident,70 km/hr,145.15577,-37.93311,DANDENONG,METROPOLITAN SOUTH EAST REGION,2,1,0,0,1,1,1,1,0,0,2,0,0,0,0,0,0,0,0,1,No,0,2,0,2,0,0,Metropolitan Excluding CBD
29/07/2015,09.55.00,No,Struck animal,STRUCK ANIMAL,No,Day,Yes,Not at intersection,Other injury accident,60 km/hr,145.09203,-37.71725,BANYULE,METROPOLITAN NORTH WEST REGION,1,1,0,0,1,0,1,0,0,0,0,0,0,1,0,0,0,0,0,0,No,0,1,0,0,1,0,Metropolitan Excluding CBD
29/07/2015,08.15.00,No,Collision with vehicle,RIGHT THROUGH,No,Dusk/Dawn,Yes,Cross intersection,Other injury accident,70 km/hr,144.3326,-38.11868,GEELONG,SOUTH WESTERN REGION,2,1,0,0,1,1,1,1,0,0,2,0,0,0,0,0,0,0,0,0,No,0,2,1,1,0,0,Large Provincial Cities
29/07/2015,11.00.00,No,Collision with vehicle,HEAD ON (NOT OVERTAKING),No,Day,No,Not at intersection,Other injury accident,50 km/hr,145.46339,-38.06124,CARDINIA,METROPOLITAN SOUTH EAST REGION,2,1,0,0,1,1,0,1,0,0,1,0,0,0,1,0,0,0,0,0,No,0,2,0,1,0,0,Small Provincial Cities
29/07/2015,09.45.00,No,Collision with vehicle,U TURN,No,Day,Yes,Not at intersection,Other injury accident,60 km/hr,142.14678,-34.1807,MILDURA,WESTERN REGION,2,1,0,0,1,1,1,1,0,0,1,0,0,1,0,0,0,0,0,0,No,0,2,0,1,1,0,Small Provincial Cities
29/07/2015,07.45.00,No,Collision with vehicle,REAR END(VEHICLES IN SAME LANE),No,Dusk/Dawn,Yes,Not at intersection,Other injury accident,80 km/hr,145.30933,-38.02678,CASEY,METROPOLITAN SOUTH EAST REGION,4,2,0,0,2,2,2,2,0,1,3,0,0,0,0,0,0,0,0,1,No,0,3,0,3,0,0,Metropolitan Excluding CBD
29/07/2015,11.15.00,No,Collision with a fixed object,RIGHT OFF CARRIAGEWAY INTO OBJECT/PARKED VEHICLE,No,Day,Yes,Not at intersection,Serious injury accident,70 km/hr,145.31058,-37.73541,YARRA RANGES,METROPOLITAN SOUTH EAST REGION,1,1,0,1,0,0,1,0,0,0,1,0,0,0,0,0,0,0,0,0,No,0,1,0,1,0,0,Country
29/07/2015,12.37.00,No,Collision with a fixed object,RIGHT OFF CARRIAGEWAY INTO OBJECT/PARKED VEHICLE,No,Day,Yes,Cross intersection,Other injury accident,70 km/hr,145.26881,-38.0284,CASEY,METROPOLITAN SOUTH EAST REGION,1,1,0,0,1,0,1,0,0,0,1,0,0,0,0,0,0,0,0,0,No,0,1,0,1,0,0,Metropolitan Excluding CBD
29/07/2015,12.30.00,No,Collision with a fixed object,LEFT OFF CARRIAGEWAY INTO OBJECT/PARKED VEHICLE,No,Day,Yes,Not at intersection,Serious injury accident,100 km/hr,144.90823,-37.7343,MOONEE VALLEY,METROPOLITAN NORTH WEST REGION,1,1,0,1,0,0,1,0,0,0,1,0,0,0,0,0,0,0,0,0,No,0,1,0,1,0,0,Metropolitan Excluding CBD
29/07/2015,13.30.00,No,Collision with vehicle,U TURN,No,Day,Yes,Not at intersection,Serious injury accident,60 km/hr,144.99471,-37.83438,STONNINGTON,METROPOLITAN SOUTH EAST REGION,3,1,0,1,0,2,2,1,0,1,1,0,0,1,0,0,0,0,0,1,No,0,2,0,1,1,0,Metropolitan Excluding CBD
29/07/2015,15.45.00,No,Collision with vehicle,U TURN,No,Day,Yes,Not at intersection,Other injury accident,60 km/hr,144.8865,-37.73499,MOONEE VALLEY,METROPOLITAN NORTH WEST REGION,4,1,0,0,1,3,1,3,0,2,2,0,0,0,0,0,0,0,1,0,No,0,3,0,2,0,0,Metropolitan Excluding CBD
29/07/2015,15.30.00,No,Collision with vehicle,REAR END(VEHICLES IN SAME LANE),No,Day,Yes,Not at intersection,Other injury accident,40 km/hr,144.97109,-37.81323,MELBOURNE,METROPOLITAN NORTH WEST REGION,4,1,0,0,1,3,2,2,0,0,3,0,0,1,0,0,0,0,0,0,No,0,4,0,3,1,0,Metropolitan CBD Only
29/07/2015,15.15.00,No,Collision with vehicle,REAR END(VEHICLES IN SAME LANE),No,Day,Yes,Not at intersection,Serious injury accident,100 km/hr,145.83846,-35.99509,MOIRA,NORTH EASTERN REGION,4,2,0,1,1,2,4,0,0,2,2,0,0,0,0,0,0,0,0,0,No,0,2,0,2,0,0,Country
29/07/2015,16.00.00,No,Collision with a fixed object,LEFT OFF CARRIAGEWAY INTO OBJECT/PARKED VEHICLE,No,Dusk/Dawn,Yes,Not at intersection,Other injury accident,50 km/hr,144.74199,-38.33878,MORNINGTON PENINSULA,METROPOLITAN SOUTH EAST REGION,1,1,0,0,1,0,0,1,0,0,1,0,0,0,0,0,0,0,0,0,No,0,1,0,1,0,0,Metropolitan Excluding CBD
29/07/2015,14.29.00,No,Collision with vehicle,RIGHT THROUGH,No,Day,Yes,Cross intersection,Serious injury accident,80 km/hr,144.81838,-37.62762,HUME,METROPOLITAN NORTH WEST REGION,2,2,0,1,1,0,1,1,0,0,1,0,0,1,0,0,0,0,0,0,No,0,2,0,1,1,0,Country
29/07/2015,16.56.00,No,Collision with a fixed object,RIGHT OFF CARRIAGEWAY INTO OBJECT/PARKED VEHICLE,No,Dusk/Dawn,Yes,Not at intersection,Other injury accident,110 km/hr,143.79848,-37.496,BALLARAT,WESTERN REGION,1,1,0,0,1,0,1,0,0,0,1,0,0,0,0,0,0,0,0,0,No,0,1,0,1,0,0,Country
29/07/2015,12.35.00,No,Collision with vehicle,REAR END(VEHICLES IN SAME LANE),No,Day,No,Not at intersection,Other injury accident,60 km/hr,144.88811,-37.79911,MARIBYRNONG,METROPOLITAN NORTH WEST REGION,3,1,0,0,1,2,1,2,0,0,3,0,0,0,0,0,0,0,0,1,No,0,3,0,3,0,0,Metropolitan Excluding CBD
29/07/2015,17.20.00,No,Collision with vehicle,CROSS TRAFFIC(INTERSECTIONS ONLY),No,Dusk/Dawn,Yes,Not at intersection,Other injury accident,60 km/hr,144.34688,-38.08083,GEELONG,SOUTH WESTERN REGION,4,4,0,0,4,0,1,3,0,2,2,0,0,0,0,0,0,0,0,1,No,0,2,0,2,0,0,Large Provincial Cities
29/07/2015,18.15.00,Yes,Collision with vehicle,RIGHT NEAR (INTERSECTIONS ONLY),No,Dark Street lights on,Yes,T intersection,Serious injury accident,60 km/hr,145.20119,-38.08213,FRANKSTON,METROPOLITAN SOUTH EAST REGION,4,3,0,1,2,1,2,2,0,2,2,0,0,0,0,0,0,0,0,1,No,0,2,0,2,0,0,Metropolitan Excluding CBD
29/07/2015,07.00.00,No,Collision with vehicle,REAR END(VEHICLES IN SAME LANE),Yes,Dusk/Dawn,No,T intersection,Other injury accident,60 km/hr,145.05732,-37.74995,BANYULE,METROPOLITAN NORTH WEST REGION,2,1,0,0,1,1,0,1,0,0,1,0,0,0,1,0,0,0,0,0,No,0,2,0,1,0,0,Metropolitan Excluding CBD
29/07/2015,12.33.00,No,Collision with vehicle,HEAD ON (NOT OVERTAKING),No,Day,Yes,Not at intersection,Fatal accident,80 km/hr,144.49503,-37.3837,MACEDON RANGES,NORTHERN REGION,2,2,1,1,0,0,2,0,0,0,2,0,0,0,0,0,0,0,0,0,No,0,2,1,1,0,0,Country
29/07/2015,06.30.00,No,Collision with vehicle,PULLING OUT (OVERTAKING),No,Dusk/Dawn,Yes,Not at intersection,Serious injury accident,100 km/hr,144.81897,-37.82667,WYNDHAM,METROPOLITAN NORTH WEST REGION,2,1,0,1,0,1,2,0,0,0,1,0,0,1,0,0,0,0,0,0,No,0,2,0,1,1,0,Metropolitan Excluding CBD
29/07/2015,23.55.00,Yes,Struck animal,STRUCK ANIMAL,No,Dark No street lights,Yes,Not at intersection,Serious injury accident,100 km/hr,142.57924,-36.9538,NORTHERN GRAMPIANS,WESTERN REGION,1,1,0,1,0,0,1,0,0,0,1,0,0,0,0,0,0,0,0,0,No,0,1,1,0,0,0,Country
29/07/2015,21.55.00,Yes,Collision with vehicle,LANE CHANGE LEFT (NOT OVERTAKING),No,Dark Street lights on,Yes,Not at intersection,Other injury accident,80 km/hr,144.97358,-37.82492,MELBOURNE,METROPOLITAN NORTH WEST REGION,2,1,0,0,1,1,1,1,0,0,2,0,0,0,0,0,0,0,0,0,No,0,2,1,1,0,0,Metropolitan Excluding CBD
29/07/2015,07.40.00,No,Struck Pedestrian,FAR SIDE. PED HIT BY VEHICLE FROM THE LEFT,Yes,Dusk/Dawn,No,Not at intersection,Other injury accident,40 km/hr,145.05523,-37.96789,KINGSTON,METROPOLITAN SOUTH EAST REGION,2,1,0,0,1,1,0,1,0,0,0,1,0,0,1,0,1,0,0,0,No,0,1,0,0,0,0,Metropolitan Excluding CBD
29/07/2015,12.55.00,No,Struck Pedestrian,ANY MANOEUVRE INVOLVING PED NOT INCLUDED IN DCAs 100-108.,No,Day,No,Not at intersection,Other injury accident,60 km/hr,144.28291,-36.76177,BENDIGO,NORTHERN REGION,2,1,0,0,1,1,0,2,0,0,0,1,0,0,1,0,0,0,0,0,No,0,1,0,0,0,0,Large Provincial Cities